query_hash,execution_time_with_aqo,execution_time_without_aqo,planning_time_with_aqo,planning_time_without_aqo,cardinality_error_with_aqo,cardinality_error_without_aqo,executions_with_aqo,executions_without_aqo
1309572083,"{0.08464972600000001,0.085844986,0.08606444099999999,0.08256562,0.085974774,0.08466892799999999,0.086035575,0.085594816,0.08520913399999999,0.085336683,0.085976868,0.083512777,0.083465154,0.08271994499999999,0.083824162,0.08470889100000001,0.08338994899999999,0.085745645,0.086481717,0.08530862}",{},"{0.01384777,0.011555729,0.012156946,0.011761918,0.011684709,0.011854606,0.011823804,0.011566761,0.011625516,0.011808346,0.011630553,0.01159075,0.011508436,0.011581557,0.011969173,0.012143195,0.01200236,0.011693785,0.011546498,0.011617964}",{},"{0.05331901388922656,0.05331901388922656,0.05331901388922656,0.05331901388922656,0.05331901388922656,0.05331901388922656,0.05331901388922656,0.05331901388922656,0.05331901388922656,0.05331901388922656,0.05331901388922656,0.05331901388922656,0.05331901388922656,0.05331901388922656,0.05331901388922656,0.05331901388922656,0.05331901388922656,0.05331901388922656,0.05331901388922656,0.05331901388922656}",{},271,0
1057419857,"{0.889710786,0.872654601,0.878867694,0.875859435,0.8780537110000001,0.879490446,0.876973134,0.872106482,0.887131617,0.897467637,0.879060198,0.876947066,0.875030084,0.876847764,0.873110292,0.8792789089999999,0.872406133,0.889685159,0.8762482850000001,0.872998337}",{},"{0.008345764,0.009052679,0.009277242,0.008682584,0.008579626,0.009115605,0.008661079,0.00874421,0.008624428,0.008753255,0.009016617,0.008675212,0.008832793,0.008401597,0.008309334,0.008694886,0.008747267,0.008768146,0.008489299,0.009114095}",{},"{0,0,0,0,0,0,0,0,0,0,0,0,0,0,0,0,0,0,0,0}",{},270,0
-1831240827,"{2.060595682,2.045352542,2.053954065,1.907606238,1.934167763,2.056799327,2.0600656219999998,2.0554429940000003,2.075687039,2.063694553,1.954205075,2.0507935820000003,2.054676031,2.074197255,2.058788893,2.043943784,2.069395883,2.0590258550000002,2.067655302,2.043528354}",{},"{0.017766789,0.017716232,0.017968084,0.0175614,0.017589455,0.017826855,0.018150298,0.017383624,0.017746248,0.017135878,0.017828265,0.017492462,0.017670554,0.017546313,0.017618833,0.017681354,0.018377606,0.017358496,0.017790728,0.017441999}",{},"{0.00984173593137001,0.00984173593137001,0.00984173593137001,0.00984173593137001,0.00984173593137001,0.00984173593137001,0.00984173593137001,0.00984173593137001,0.00984173593137001,0.00984173593137001,0.00984173593137001,0.00984173593137001,0.00984173593137001,0.00984173593137001,0.00984173593137001,0.00984173593137001,0.00984173593137001,0.00984173593137001,0.00984173593137001,0.00984173593137001}",{},270,0
1653241945,"{0.298538155,0.299254476,0.302724243,0.296456281,0.302464716,0.29560778,0.299933306,0.303225489,0.299019723,0.301000338,0.298997424,0.299426566,0.298919353,0.299908838,0.299652735,0.302025127,0.300948615,0.298078968,0.297754302,0.301074554}",{},"{0.009199307,0.009838424,0.008991582,0.008958527,0.00965466,0.00899069,0.008917515,0.009432185,0.009458397,0.009030831,0.009084115,0.009024074,0.009194177,0.009029748,0.009083251,0.009037666,0.009641202,0.009230544,0.009011028,0.009257797}",{},"{0,0,0,0,0,0,0,0,0,0,0,0,0,0,0,0,0,0,0,0}",{},270,0
2000559088,"{0.162483213,0.1650301,0.163784417,0.16510828200000002,0.165789958,0.165003168,0.164883178,0.16357991500000002,0.16229147,0.164361598,0.164612162,0.163564811,0.163078958,0.164885134,0.16355365800000002,0.16280028400000002,0.163709929,0.162047105,0.163539701,0.164872673}",{},"{0.008218614,0.008125517,0.008504852,0.008577025,0.008490627,0.008133467,0.008576319,0.008138824,0.008236403,0.008187493,0.008183939,0.008163181,0.008358744,0.008445019,0.008475829,0.008087243,0.008172517,0.008434514,0.008456247,0.008552289}",{},"{-1,-1,-1,-1,-1,-1,-1,-1,-1,-1,-1,-1,-1,-1,-1,-1,-1,-1,-1,-1}",{},270,0
1039395806,"{0.050048928,0.04996553299999999,0.049916025999999995,0.05046719899999999,0.049732873999999996,0.050217280999999996,0.050396617,0.05024480299999999,0.049957889,0.050992486000000004,0.050336969999999995,0.050756447999999996,0.050988939999999996,0.05007131099999999,0.050028828,0.04994667,0.049768799,0.050276107,0.049919005999999995,0.05058598400000001}",{},"{0.014718111,0.015253899,0.014801688,0.014956964,0.015339769,0.015289433,0.015152692,0.015067147,0.015106427,0.01488293,0.01496585,0.014998496,0.015147482,0.015742723,0.015114326,0.015208757,0.015326151,0.014945981,0.015121425,0.014986411}",{},"{0,0,0,0,0,0,0,0,0,0,0,0,0,0,0,0,0,0,0,0}",{},270,0
1168754743,"{0.019097293,0.01907449,0.019419851000000002,0.019043453999999998,0.019107238999999998,0.019180719000000006,0.019293222999999998,0.018976161000000002,0.019508617000000002,0.018924597,0.019112258,0.019253089999999997,0.019126895,0.019090049999999997,0.019013928,0.019162632,0.019003584,0.019170222,0.018950427,0.019330339000000002}",{},"{0.014747227,0.014858853,0.01501371,0.014833691,0.015107068,0.014841545,0.014795575,0.014843513,0.014741606,0.015039285,0.014769188,0.015120207,0.015278981,0.014755571,0.01525406,0.014891766,0.015143805,0.015141482,0.015014844,0.014888576}",{},"{0,0,0,0,0,0,0,0,0,0,0,0,0,0,0,0,0,0,0,0}",{},270,0
-195594584,"{0.261360366,0.26309688800000003,0.26478097,0.267901422,0.264502394,0.264317348,0.261715362,0.26409233099999996,0.263522636,0.264064645,0.26551277900000003,0.264692176,0.264509795,0.260477276,0.263269439,0.262303063,0.269020141,0.262858612,0.263570876,0.26603916800000005}",{},"{0.002981715,0.002870467,0.002886019,0.002916279,0.002999138,0.003016511,0.002900995,0.002835291,0.002871821,0.003215373,0.002824473,0.002871623,0.003134672,0.002904446,0.00284796,0.002892484,0.003067145,0.002907734,0.002907715,0.002895161}",{},"{0,0,0,0,0,0,0,0,0,0,0,0,0,0,0,0,0,0,0,0}",{},271,0
-595026657,"{0.127657949,0.12866942099999998,0.128336657,0.12502570400000002,0.126471227,0.126409127,0.12812502599999998,0.126284662,0.12852678399999998,0.128486408,0.128247189,0.12652102699999998,0.128489595,0.128294507,0.128757274,0.12657011399999998,0.12782553000000002,0.127330354,0.126865733,0.126707543}",{},"{0.00456632,0.0043372,0.004397488,0.00443934,0.004343752,0.004426671,0.004330872,0.004367173,0.004376592,0.004272085,0.004641747,0.004314478,0.004534035,0.004662389,0.004300424,0.004626392,0.004447764,0.004482811,0.004382261,0.004306067}",{},"{0,0,0,0,0,0,0,0,0,0,0,0,0,0,0,0,0,0,0,0}",{},271,0
1084577692,"{0.16917887,0.168705995,0.1701367,0.170762954,0.167756608,0.170283743,0.16748149599999998,0.168589994,0.16880330799999999,0.16826533,0.16868465900000001,0.168842387,0.168902775,0.16911115999999998,0.169610723,0.16837319,0.167799752,0.168130535,0.16910635000000002,0.16916983400000002}",{},"{0.016753952,0.016760671,0.016572799,0.016873199,0.016933484,0.016637111,0.017037287,0.016430304,0.016564544,0.017672759,0.016500722,0.017018819,0.01664261,0.016537924,0.016751562,0.016671852,0.017354809,0.016652259,0.016912715,0.0172104}",{},"{0,0,0,0,0,0,0,0,0,0,0,0,0,0,0,0,0,0,0,0}",{},271,0
-1831630628,"{0.204034838,0.202280422,0.200769679,0.199340445,0.20194581900000003,0.20199701199999998,0.200038829,0.20127875,0.201695118,0.202145012,0.202035698,0.200937585,0.201488671,0.203715957,0.202260508,0.202322272,0.20210362099999998,0.20051118099999998,0.19994119800000001,0.202975868}",{},"{0.010942189,0.010834997,0.010889879,0.011240671,0.010938245,0.011106721,0.011291425,0.010950042,0.011196394,0.011186188,0.010754934,0.010628405,0.010669986,0.010835252,0.010851014,0.011321989,0.010929916,0.010756118,0.010697246,0.010760007}",{},"{0,0,0,0,0,0,0,0,0,0,0,0,0,0,0,0,0,0,0,0}",{},271,0
-379958762,"{0.222794808,0.22351094800000001,0.220675973,0.21961467099999998,0.21928741699999998,0.218267301,0.221036574,0.21685175499999998,0.22257549000000001,0.221185389,0.21953293,0.216525896,0.21949089300000002,0.22290646,0.21882291299999998,0.223761499,0.22279961199999998,0.222900609,0.217864358,0.22165805100000002}",{},"{0.037812931,0.036899292,0.037481415,0.03696728,0.037273124,0.037058159,0.037063647,0.037255276,0.037542634,0.038175526,0.037190931,0.037116519,0.03728632,0.037243685,0.037143713,0.037005235,0.037930244,0.037627944,0.037555221,0.037199388}",{},"{0.035765343605482426,0.035765343605482426,0.035765343605482426,0.035765343605482426,0.035765343605482426,0.035765343605482426,0.035765343605482426,0.035765343605482426,0.035765343605482426,0.035765343605482426,0.035765343605482426,0.035765343605482426,0.035765343605482426,0.035765343605482426,0.035765343605482426,0.035765343605482426,0.035765343605482426,0.035765343605482426,0.035765343605482426,0.035765343605482426}",{},270,0
-1928826983,"{0.052490863,0.052338327000000004,0.052329096,0.052264182000000006,0.052447242000000005,0.052404993999999996,0.052456476999999994,0.052541661,0.052533224,0.05258468899999999,0.05277308199999999,0.05271837099999999,0.053104003,0.052378178,0.052568297,0.05286188000000001,0.052928382999999996,0.052591671,0.052935166000000006,0.052598092000000006}",{},"{0.03175702,0.031362395,0.031368785,0.031291583,0.031092788,0.031504244,0.031297388,0.031159019,0.03150143,0.031067328,0.031313683,0.031088153,0.031266137,0.031437929,0.031296877,0.031145133,0.031177669,0.031238387,0.031152238,0.031578508}",{},"{0.013126091253777042,0.013126091253777042,0.013126091253777042,0.013126091253777042,0.013126091253777042,0.013126091253777042,0.013126091253777042,0.013126091253777042,0.013126091253777042,0.013126091253777042,0.013126091253777042,0.013126091253777042,0.013126091253777042,0.013126091253777042,0.013126091253777042,0.013126091253777042,0.013126091253777042,0.013126091253777042,0.013126091253777042,0.013126091253777042}",{},270,0
-2029736353,"{0.00018112199999999884,0.0001861920000000017,0.00017826700000000278,0.00017823700000000123,0.0001772249999999996,0.0001760929999999987,0.00016721700000000075,0.0001794099999999979,0.00017327799999999893,0.00016592400000000132,0.00017504200000000025,0.0001852110000000011,0.00019618200000000308,0.0001755630000000001,0.00017680499999999863,0.00018682399999999863,0.0001774670000000006,0.00017926999999999874,0.00017165499999999972,0.0001766349999999979}",{},"{0.020815659,0.020437095,0.019927722,0.019832547,0.020134092,0.019772679,0.020085563,0.01986883,0.020134262,0.020052936,0.020552558,0.019822048,0.021325814,0.020060108,0.019964551,0.020314136,0.020108569,0.019956804,0.019912893,0.020129435}",{},"{-1,-1,-1,-1,-1,-1,-1,-1,-1,-1,-1,-1,-1,-1,-1,-1,-1,-1,-1,-1}",{},270,0
142517771,"{0.00017173499999999925,0.00017144399999999976,0.0001731170000000004,0.00019338600000000025,0.0001777869999999987,0.00016962099999999827,0.00018450899999999937,0.00016826900000000214,0.00017880899999999852,0.000174259999999999,0.00017034299999999988,0.00017647500000000232,0.00017724600000000243,0.00016944099999999934,0.00017597399999999888,0.0001763540000000001,0.00018002199999999843,0.00016951200000000013,0.00017563299999999796,0.00017243700000000098}",{},"{0.019802285,0.020272866,0.020610372,0.020461046,0.020170901,0.01998431,0.02044304,0.019845677,0.019901531,0.020120984,0.020051588,0.019941254,0.019779783,0.020220472,0.020063658,0.020092205,0.01988728,0.020116316,0.019976282,0.020209997}",{},"{-1,-1,-1,-1,-1,-1,-1,-1,-1,-1,-1,-1,-1,-1,-1,-1,-1,-1,-1,-1}",{},270,0
-675870913,"{0.214590857,0.214344248,0.217420172,0.216639828,0.214792033,0.216508491,0.215750258,0.213802607,0.215613144,0.215212759,0.213047129,0.21563536,0.214150995,0.216228405,0.216386383,0.213908477,0.216710517,0.214579451,0.215089019,0.215415315}",{},"{0.029598569,0.029528668,0.030195096,0.029655129,0.029478846,0.02977857,0.029761353,0.029668271,0.029851939,0.030041831,0.030274641,0.029591024,0.029967414,0.029814881,0.029408234,0.02988858,0.029661453,0.029602605,0.029616063,0.029593313}",{},"{0,0,0,0,0,0,0,0,0,0,0,0,0,0,0,0,0,0,0,0}",{},270,0
1693882415,"{0.457404009,0.46071967999999996,0.46191177699999997,0.4630146,0.45957847999999996,0.462117121,0.462328261,0.457029749,0.457618315,0.453671874,0.45939185899999996,0.460827861,0.46091967,0.455487262,0.46156553499999997,0.46109770499999997,0.459067676,0.45496099100000004,0.458075952,0.457397155}",{},"{0.027075344,0.027151026,0.027105825,0.027758672,0.027005865,0.02755932,0.027397919,0.02749252,0.02724412,0.026938361,0.027436934,0.027160947,0.027231839,0.027423417,0.027012943,0.027171698,0.027540461,0.027523392,0.027935687,0.027134038}",{},"{0.04548175813138128,0.04548175813138128,0.04548175813138128,0.04548175813138128,0.04548175813138128,0.04548175813138128,0.04548175813138128,0.04548175813138128,0.04548175813138128,0.04548175813138128,0.04548175813138128,0.04548175813138128,0.04548175813138128,0.04548175813138128,0.04548175813138128,0.04548175813138128,0.04548175813138128,0.04548175813138128,0.04548175813138128,0.04548175813138128}",{},270,0
991209701,"{2.425995661,2.4823083980000002,2.4736948840000004,2.41793837,2.451157961,2.444003415,2.438165703,2.430266371,2.447572783,2.4411412009999998,2.4723642040000002,2.46573837,2.423694115,2.453622697,2.4247390440000003,2.4251158790000003,2.429542838,2.43899094,2.480739525,2.4434733459999998}",{},"{0.008160236,0.008264932,0.008430603,0.008618906,0.008236247,0.008376448,0.008226128,0.008852398,0.008245551,0.008186702,0.008161757,0.008185234,0.008489653,0.008457584,0.008360571,0.008170972,0.008193056,0.008311771,0.008167679,0.008422072}",{},"{0.01217107732422265,0.01217107732422265,0.01217107732422265,0.01217107732422265,0.01217107732422265,0.01217107732422265,0.01217107732422265,0.01217107732422265,0.01217107732422265,0.01217107732422265,0.01217107732422265,0.01217107732422265,0.01217107732422265,0.01217107732422265,0.01217107732422265,0.01217107732422265,0.01217107732422265,0.01217107732422265,0.01217107732422265,0.01217107732422265}",{},270,0
-121566415,"{0.00016579300000000088,0.00016516199999999995,0.0001575180000000006,0.00017012199999999998,0.00017784700000000007,0.0001648420000000001,0.00016125500000000077,0.0001667449999999994,0.0001734189999999993,0.00016898000000000087,0.00016469199999999927,0.00016612500000000134,0.00015991299999999938,0.00016411099999999977,0.00015918200000000077,0.00016869999999999906,0.00016495199999999946,0.00016127600000000013,0.0001649229999999991,0.00016822900000000064}",{},"{0.009417763,0.009419415,0.009098185,0.009150241,0.009352791,0.009078838,0.009471005,0.009153207,0.009436807,0.009217085,0.0091813,0.009073257,0.00925314,0.009175465,0.009109431,0.009511725,0.009161703,0.00899143,0.009260762,0.009477985}",{},"{-1,-1,-1,-1,-1,-1,-1,-1,-1,-1,-1,-1,-1,-1,-1,-1,-1,-1,-1,-1}",{},270,0
-1365117997,"{0.00014865099999999964,0.00012619900000000045,0.00012110899999999945,0.00012948500000000036,0.00014640699999999944,0.00012496700000000013,0.0001291350000000007,0.00012544800000000023,0.00013279199999999963,0.0001298159999999996,0.00012934499999999946,0.0001265299999999997,0.00012729099999999986,0.00014666800000000084,0.00012239200000000068,0.0001268399999999996,0.00015543500000000064,0.00012320400000000002,0.00013303199999999994,0.00012958600000000098}",{},"{0.010493874,0.010739089,0.011320238,0.010554108,0.010864221,0.010502994,0.010586086,0.010535555,0.010496315,0.011099401,0.011127839,0.01061491,0.010573403,0.010475449,0.010877283,0.011779716,0.010678969,0.010623826,0.010703408,0.010898268}",{},"{-1,-1,-1,-1,-1,-1,-1,-1,-1,-1,-1,-1,-1,-1,-1,-1,-1,-1,-1,-1}",{},270,0
-1109543952,"{0.0001663540000000005,0.00013057699999999978,0.00013470400000000111,0.00013483600000000102,0.00013143799999999935,0.00013104799999999993,0.0001280019999999986,0.0001349260000000005,0.00013290200000000071,0.00013928399999999994,0.00013873300000000026,0.00016180599999999871,0.00014056699999999943,0.00013572700000000042,0.00015536499999999932,0.00012979600000000147,0.00013109900000000084,0.0001383119999999998,0.0001305569999999999,0.0001356179999999988}",{},"{0.009631426,0.009224206,0.009839078,0.009289835,0.00949987,0.009490908,0.009176187,0.009296268,0.00939595,0.009244636,0.009238358,0.009320846,0.009382995,0.009276035,0.00918852,0.009679944,0.009128579,0.009450111,0.00952812,0.009476101}",{},"{-1,-1,-1,-1,-1,-1,-1,-1,-1,-1,-1,-1,-1,-1,-1,-1,-1,-1,-1,-1}",{},270,0
-433191473,"{2.635513451,2.6463280190000003,2.6871395299999996,2.6820808319999996,2.613635387,2.661830192,2.613057666,2.67605363,2.638480914,2.6576812210000003,2.5013317059999998,2.6720711539999997,2.592270234,2.636569594,2.49021051,2.676801756,2.679827817,2.652111438,2.64456234,2.6648752190000002}",{},"{0.053435884,0.054356499,0.053980226,0.054003692,0.054132421,0.054435997,0.054369758,0.053725642,0.053948122,0.054134365,0.05404453,0.053761267,0.054032833,0.053783702,0.054344242,0.053740756,0.053788203,0.053758903,0.054064679,0.054731688}",{},"{0,0,0,0,0,0,0,0,0,0,0,0,0,0,0,0,0,0,0,0}",{},270,0
-1883562530,"{0.00013116800000001483,0.0001239840000000214,0.00015972200000002879,0.00014133799999993535,0.00013500599999993756,0.00011516799999999883,0.00012111900000000286,0.00012198200000002046,0.00013447499999996726,0.0001674070000000638,0.00012324400000007785,0.00012494699999998637,0.00017008200000001583,0.0001262289999999222,0.00012773200000004703,0.0001168719999999901,0.0001685100000000661,0.00012869399999992925,0.00012607899999994565,0.00013351299999997401}",{},"{0.77610471,0.777154107,0.773695088,0.775128789,0.770401387,0.767669764,0.772602702,0.77279074,0.771032108,0.768730115,0.769579061,0.778265244,0.772215863,0.77305599,0.767373911,0.76751141,0.76967155,0.776040099,0.768058674,0.77481518}",{},"{-1,-1,-1,-1,-1,-1,-1,-1,-1,-1,-1,-1,-1,-1,-1,-1,-1,-1,-1,-1}",{},270,0
-1013995808,"{0.00015914000000005757,0.0001598320000000264,0.00020003800000001348,0.00016722600000007581,0.00017586300000005384,0.00017288700000006596,0.00022596800000007633,0.00018244599999994726,0.00016122599999990328,0.00023669800000003516,0.00020330499999998697,0.0002096980000000359,0.0001719460000000339,0.00016549399999998826,0.00017861799999996375,0.00022304299999997834,0.00020245400000007407,0.00016507300000001557,0.00021264300000001235,0.00022930499999995746}",{},"{0.743951818,0.743400345,0.753404269,0.745297554,0.747345646,0.7498811,0.748961657,0.746570147,0.750505072,0.750543867,0.748852374,0.749353437,0.745228999,0.743006154,0.751434252,0.749121041,0.741423467,0.756704613,0.744962285,0.75666016}",{},"{-1,-1,-1,-1,-1,-1,-1,-1,-1,-1,-1,-1,-1,-1,-1,-1,-1,-1,-1,-1}",{},270,0
-655347739,"{0.00022761000000004472,0.00020460599999982954,0.00021016700000009436,0.00021655900000006056,0.00021313299999992097,0.00021240200000005593,0.00020670200000005856,0.00021296300000006596,0.00021724100000009017,0.00021364500000009556,0.0002263790000001098,0.00021778300000008244,0.00021138099999995497,0.00021408600000016875,0.00021692100000003656,0.0002077940000000389,0.0002151169999999869,0.00020969800000014693,0.0002737390000000506,0.000264742000000151}",{},"{1.170098898,1.16519056,1.159520302,1.158376897,1.168486506,1.160866546,1.172277958,1.161663541,1.172255367,1.170201649,1.176486416,1.165367287,1.157878196,1.164326383,1.165463425,1.160942896,1.170803845,1.171598733,1.164871042,1.168241347}",{},"{-1,-1,-1,-1,-1,-1,-1,-1,-1,-1,-1,-1,-1,-1,-1,-1,-1,-1,-1,-1}",{},270,0
-802871442,"{0.04253914500000011,0.042729687000000016,0.04228238800000006,0.04274113800000001,0.042539193000000086,0.04236623000000006,0.04229411500000002,0.04263764299999995,0.042419816,0.04266474400000009,0.04294996699999998,0.043053954000000116,0.04235749299999991,0.04268826800000003,0.042059944000000016,0.04254136200000014,0.043175460000000054,0.04246382500000001,0.042943348999999964,0.043285098999999994}",{},"{1.1607267079999999,1.149903551,1.150411414,1.155409108,1.150980385,1.148850897,1.146600756,1.157565048,1.156545417,1.156278322,1.164266467,1.158889031,1.149646117,1.160493934,1.158523255,1.153769624,1.1546797,1.154405262,1.152032048,1.172008466}",{},"{1.151006348682076,1.151006348682076,1.151006348682076,1.151006348682076,1.151006348682076,1.151006348682076,1.151006348682076,1.151006348682076,1.151006348682076,1.151006348682076,1.151006348682076,1.151006348682076,1.151006348682076,1.151006348682076,1.151006348682076,1.151006348682076,1.151006348682076,1.151006348682076,1.151006348682076,1.151006348682076}",{},270,0
46295792,"{0.0002215089999999531,0.0002278700000000189,0.0002913010000000771,0.00022695999999999827,0.0002337020000000578,0.00023040600000001632,0.00022778099999998247,0.00022798199999995994,0.000240456,0.00023466399999994003,0.00021755200000006525,0.0002274410000000504,0.0002417180000000574,0.00023492599999985764,0.00022108900000006315,0.00022958499999981008,0.00023499600000009835,0.00022888399999998477,0.00023479599999998158,0.00022895400000000343}",{},"{1.188592332,1.182241042,1.196269082,1.189832907,1.18617132,1.186687794,1.183349946,1.19291773,1.192244083,1.19949873,1.196671806,1.181717592,1.1982344,1.196511193,1.186445147,1.192716193,1.198937934,1.185945332,1.202396017,1.193329948}",{},"{-1,-1,-1,-1,-1,-1,-1,-1,-1,-1,-1,-1,-1,-1,-1,-1,-1,-1,-1,-1}",{},270,0
1869121075,"{0.02039896600000013,0.020217992999999712,0.02053898700000012,0.020685641000000032,0.02063391499999989,0.01919758699999985,0.0206338770000003,0.020612895000000186,0.020531598000000262,0.02068875299999995,0.020620730000000087,0.020659087999999937,0.02023672100000029,0.020174166999999965,0.020261264999999806,0.020490032000000102,0.020177481000000164,0.02050458399999977,0.02030853300000013,0.02033594700000041}",{},"{2.277627284,2.278354837,2.272912233,2.301360072,2.28900281,1.771403544,2.280396679,2.291785172,2.282311885,2.284368819,2.288782306,2.280090421,2.295200079,2.282435587,2.300439411,2.294336396,2.283169776,2.295391448,2.291001872,2.3003611729999998}",{},"{0.028831855923109873,0.028831855923109873,0.028831855923109873,0.028831855923109873,0.028831855923109873,0.028831855923109873,0.028831855923109873,0.028831855923109873,0.028831855923109873,0.028831855923109873,0.028831855923109873,0.028831855923109873,0.028831855923109873,0.028831855923109873,0.028831855923109873,0.028831855923109873,0.028831855923109873,0.028831855923109873,0.028831855923109873,0.028831855923109873}",{},270,0
-1991890117,"{0.09676757499999988,0.09864753300000029,0.09888591599999996,0.09816334199999988,0.10083717499999967,0.09880032400000038,0.09897759600000011,0.09902718300000002,0.09817982300000017,0.09916340599999973,0.09847758399999984,0.09749011699999999,0.09895937199999993,0.09867015100000032,0.09820555599999992,0.09795505399999982,0.09917757400000005,0.10625535700000022,0.09855011299999994,0.09921548199999997}",{},"{2.142025674,2.144533041,2.159915663,2.148199489,2.157026097,2.147123394,2.151774665,2.162119612,2.16294635,2.15214607,2.1454968,2.152648539,2.15322572,2.148617313,2.162993818,2.15089844,2.14733097,2.152520574,2.162016937,2.174345969}",{},"{0.08690265114054871,0.08690265114054871,0.08690265114054871,0.08690265114054871,0.08690265114054871,0.08690265114054871,0.08690265114054871,0.08690265114054871,0.08690265114054871,0.08690265114054871,0.08690265114054871,0.08690265114054871,0.08690265114054871,0.08690265114054871,0.08690265114054871,0.08690265114054871,0.08690265114054871,0.08690265114054871,0.08690265114054871,0.08690265114054871}",{},270,0
776744645,"{0.00016775700000004612,0.0001666650000000658,0.00017643300000003137,0.00016699600000014136,0.00016444099999990414,0.000166855999999882,0.00017513199999985574,0.00016530300000017206,0.00017572300000012753,0.00016555399999984566,0.0001638409999999979,0.00016854900000007333,0.00016417099999999074,0.00016414200000003376,0.00016899000000014652,0.00016335900000008508,0.0001685600000000953,0.00018053299999998274,0.00016632500000013373,0.00016679599999980255}",{},"{1.109507657,1.119700907,1.118679312,1.107656673,1.11074753,1.105691404,1.110773704,1.119038563,1.109755535,1.123356798,1.114733471,1.106295573,1.110632173,1.110052321,1.118693397,1.110808569,1.117818051,1.117420611,1.114770646,1.124474608}",{},"{-1,-1,-1,-1,-1,-1,-1,-1,-1,-1,-1,-1,-1,-1,-1,-1,-1,-1,-1,-1}",{},270,0
-1452668206,"{0.00020897400000000066,0.0002078729999999973,0.0002103479999999991,0.00021654000000000118,0.00023059699999999905,0.00020949600000000346,0.0002094470000000015,0.0002099980000000029,0.00021095000000000141,0.00020785399999999343,0.0002208590000000038,0.00021112999999998994,0.00021800300000000827,0.00020845499999999628,0.00021413600000000366,0.00020921599999999818,0.00020887599999999673,0.00021279300000000279,0.00020850499999999772,0.0002212789999999909}",{},"{0.09390453,0.094513211,0.094503101,0.093864971,0.094431713,0.094558515,0.09380412,0.094249554,0.094199703,0.095345885,0.094901338,0.094134747,0.093790615,0.094077827,0.094566847,0.094424912,0.093724033,0.094648236,0.093641325,0.093915593}",{},"{-1,-1,-1,-1,-1,-1,-1,-1,-1,-1,-1,-1,-1,-1,-1,-1,-1,-1,-1,-1}",{},270,0
665644145,"{0.00020264299999994684,0.00020025900000009145,0.0002286419999999456,0.00020280399999994536,0.0002057399999999543,0.00020185200000000236,0.0002055290000000376,0.0002081940000000504,0.00022641900000008874,0.00020135200000015452,0.0002107590000000048,0.00020984799999990145,0.00019957799999992254,0.00020810399999993123,0.0002087259999998814,0.0002054299999998399,0.00020850500000002548,0.00021697100000017677,0.00020156199999998847,0.00020827499999986898}",{},"{1.267506341,1.259445683,1.258442902,1.263348166,1.267760956,1.26804878,1.276669916,1.257092108,1.258972587,1.269600109,1.271428448,1.274281956,1.257676017,1.271158723,1.258868708,1.259272954,1.273830575,1.272128808,1.271920105,1.268589517}",{},"{-1,-1,-1,-1,-1,-1,-1,-1,-1,-1,-1,-1,-1,-1,-1,-1,-1,-1,-1,-1}",{},270,0
-678701971,"{0.00019612999999996106,0.0002059290000000491,0.00019630100000012085,0.00019490899999996536,0.00020135099999984973,0.00020500800000000652,0.0002025040000002143,0.00019315599999991662,0.0002078240000000786,0.00019644200000001888,0.0001945279999999716,0.00019788499999995324,0.00019271500000006547,0.0001941879999998175,0.00019976899999996078,0.0001949690000000448,0.00020104200000004013,0.0002080739999998915,0.00020392700000004815,0.0002058709999999131}",{},"{1.2543851830000001,1.258785953,1.254895945,1.251762583,1.26123515,1.266773038,1.2543750519999999,1.258234978,1.260081322,1.258816177,1.254763946,1.269442673,1.254522608,1.2613780270000001,1.265288565,1.257315919,1.25177641,1.262862079,1.252354714,1.260434424}",{},"{-1,-1,-1,-1,-1,-1,-1,-1,-1,-1,-1,-1,-1,-1,-1,-1,-1,-1,-1,-1}",{},270,0
-1303917065,"{0.087648498,0.08837323,0.08877186799999999,0.08854970000000001,0.08584024700000001,0.08752411099999999,0.088162801,0.08629339600000001,0.086933329,0.08645902700000001,0.086873977,0.08641320400000001,0.085636409,0.087769998,0.08800116,0.08715653100000001,0.086147538,0.085839221,0.087847859,0.087035294}",{},"{0.004485036,0.00374415,0.003736337,0.003835598,0.003912426,0.003799904,0.00373295,0.003709988,0.003711882,0.004102314,0.003755307,0.004071808,0.003705594,0.003736955,0.003770649,0.00373918,0.003754649,0.003950402,0.003920354,0.003724905}",{},"{-1,-1,-1,-1,-1,-1,-1,-1,-1,-1,-1,-1,-1,-1,-1,-1,-1,-1,-1,-1}",{},271,0
1059189362,"{0.061212626000000006,0.06328671,0.059770109,0.064427337,0.063465933,0.063684775,0.060859569,0.061796301000000005,0.059416636999999994,0.064033686,0.061447073,0.06264913800000001,0.061027679,0.062559795,0.064022409,0.060735677,0.063400077,0.062233832,0.063235638,0.06154690100000001}",{},"{0.014631618,0.013885634,0.014138004,0.014456829,0.01382362,0.013886558,0.013836189,0.014040933,0.013883831,0.014464867,0.014162558,0.013974456,0.013994808,0.014566664,0.013963493,0.014149969,0.014240171,0.014086692,0.013902254,0.014639463}",{},"{0.0041412466260287795,0.0041412466260287795,0.0041412466260287795,0.0041412466260287795,0.0041412466260287795,0.0041412466260287795,0.0041412466260287795,0.0041412466260287795,0.0041412466260287795,0.0041412466260287795,0.0041412466260287795,0.0041412466260287795,0.0041412466260287795,0.0041412466260287795,0.0041412466260287795,0.0041412466260287795,0.0041412466260287795,0.0041412466260287795,0.0041412466260287795,0.0041412466260287795}",{},270,0
-128493435,"{0.100913084,0.10080256100000001,0.10082545799999999,0.10124872,0.101721988,0.10043435699999999,0.100821976,0.100349833,0.100832223,0.100121507,0.10149997599999999,0.100517488,0.100244872,0.100826812,0.10071841299999999,0.101104368,0.102067886,0.10019070699999999,0.100738424,0.100798787}",{},"{0.002742844,0.002669337,0.002705177,0.00269528,0.002697637,0.002708097,0.002795645,0.002746262,0.00270214,0.002751384,0.00287544,0.002752017,0.00274294,0.002762197,0.002716561,0.00294817,0.0027105,0.002822212,0.002698979,0.002766136}",{},"{0,0,0,0,0,0,0,0,0,0,0,0,0,0,0,0,0,0,0,0}",{},271,0
-1388255675,"{0.061887702,0.063421175,0.061558300999999996,0.06161636,0.061493218999999995,0.064298306,0.06360503699999999,0.063937386,0.062766624,0.060406773999999996,0.06369782900000001,0.06172674,0.062097677000000004,0.06073139,0.06409993600000001,0.063745964,0.061972921,0.061418386000000005,0.062491527000000005,0.063042928}",{},"{0.014264785,0.014401588,0.014569078,0.014321592,0.014715367,0.014285754,0.014123353,0.014341462,0.0142897,0.014670195,0.014227361,0.014808796,0.014699513,0.014520045,0.014197907,0.014307678,0.014273775,0.014512319,0.014268428,0.014144445}",{},"{0.039505359469900844,0.039505359469900844,0.039505359469900844,0.039505359469900844,0.039505359469900844,0.039505359469900844,0.039505359469900844,0.039505359469900844,0.039505359469900844,0.039505359469900844,0.039505359469900844,0.039505359469900844,0.039505359469900844,0.039505359469900844,0.039505359469900844,0.039505359469900844,0.039505359469900844,0.039505359469900844,0.039505359469900844,0.039505359469900844}",{},270,0
-488742175,"{2.346973124,1.9297851259999999,2.366045711,1.933246261,2.356467668,1.932502275,2.358520453,1.9303097869999999,2.34746143,1.9263823400000002,2.355227134,1.924349212,2.346791056,1.928358767,2.358263639,1.9250835860000002,2.370633052,1.923991006,2.4462652840000003,1.953154402}",{},"{0.008742708,0.008324986,0.00828381,0.008620269,0.008480535,0.008667429,0.008594172,0.0085348,0.008215916,0.008496178,0.008546074,0.008297733,0.008196873,0.008318633,0.008334364,0.008459192,0.008290332,0.008594949,0.008319167,0.008676004}",{},"{0.01788993588804206,0.018989236763963538,0.01788993588804206,0.018989236763963538,0.01788993588804206,0.018989236763963538,0.01788993588804206,0.018989236763963538,0.01788993588804206,0.018989236763963538,0.01788993588804206,0.018989236763963538,0.01788993588804206,0.018989236763963538,0.01788993588804206,0.018989236763963538,0.01788993588804206,0.018989236763963538,0.01788993588804206,0.018989236763963538}",{},540,0
1904787667,"{0.026994293000000003,0.027039425000000117,0.027157883000000105,0.02712536099999996,0.027205509999999933,0.027081902000000158,0.02709110300000006,0.02750161200000001,0.027506411999999925,0.026910220999999845,0.027176363999999786,0.027293180000000028,0.02706415299999998,0.027391759000000127,0.027477815999999988,0.0273264230000001,0.027299975999999893,0.02695386299999991,0.027341791000000004,0.027229029999999987}",{},"{1.055687366,1.061544594,1.059817831,1.064426739,1.06068871,1.057907561,1.058608317,1.068412536,1.064456171,1.060441519,1.0584879680000001,1.05758076,1.066073805,1.071005976,1.075263621,1.075521021,1.069222249,1.078482573,1.0770470109999999,1.078192239}",{},"{0.034897017973984056,0.034897017973984056,0.034897017973984056,0.034897017973984056,0.034897017973984056,0.034897017973984056,0.034897017973984056,0.034897017973984056,0.034897017973984056,0.034897017973984056,0.034897017973984056,0.034897017973984056,0.034897017973984056,0.034897017973984056,0.034897017973984056,0.034897017973984056,0.034897017973984056,0.034897017973984056,0.034897017973984056,0.034897017973984056}",{},270,0
-170957705,"{1.144730483,1.153674313,1.1392932160000002,1.149438068,1.15208391,1.147649192,1.1477805540000001,1.1404747499999999,1.153516302,1.1342452269999999,1.14397254,1.150523621,1.1448056839999998,1.141954666,1.145956982,1.1503945500000001,1.154343791,1.15284241,1.141085232,1.146140433}",{},"{0.059741878,0.058228698,0.057886502,0.057512008,0.059206634,0.058429286,0.058605208,0.059629995,0.058922025,0.058113485,0.057841315,0.058212794,0.059381963,0.058325511,0.057873113,0.058649341,0.058948879,0.057952906,0.058221472,0.058379977}",{},"{0.9373332340692082,0.9373332340692082,0.9373332340692082,0.9373332340692082,0.9373332340692082,0.9373332340692082,0.9373332340692082,0.9373332340692082,0.9373332340692082,0.9373332340692082,0.9373332340692082,0.9373332340692082,0.9373332340692082,0.9373332340692082,0.9373332340692082,0.9373332340692082,0.9373332340692082,0.9373332340692082,0.9373332340692082,0.9373332340692082}",{},270,0
-993550030,"{0.20575811500000002,0.205870528,0.205871252,0.20668313200000002,0.203784723,0.20710415999999998,0.20735706699999998,0.20287215,0.20606307599999998,0.20527345100000002,0.205908197,0.20400520500000002,0.20704343,0.205953776,0.202744547,0.206460804,0.204736291,0.207544038,0.206886632,0.20426651099999998}",{},"{0.019512977,0.01988954,0.019593267,0.019525356,0.019473621,0.019690383,0.02023203,0.019799549,0.02000704,0.020012448,0.019916872,0.020206075,0.019700933,0.020113779,0.019708855,0.019670133,0.019791367,0.019884276,0.019931738,0.019421752}",{},"{0,0,0,0,0,0,0,0,0,0,0,0,0,0,0,0,0,0,0,0}",{},270,0
1923571710,"{0.08696480599999999,0.085253782,0.08435731799999999,0.084694987,0.085569715,0.08702758999999999,0.086790111,0.085407077,0.087658964,0.08534204100000001,0.08558792,0.086987603,0.085227484,0.085995154,0.086697458,0.086065943,0.085039387,0.08294387099999999,0.08358780900000001,0.08509086699999999}",{},"{0.004120257,0.004119519,0.004156342,0.004173217,0.004172178,0.00413525,0.004122238,0.003979318,0.00406951,0.004092976,0.004133123,0.004105151,0.004395162,0.004139859,0.004067423,0.004115654,0.004024972,0.004320103,0.004088293,0.004086209}",{},"{-1,-1,-1,-1,-1,-1,-1,-1,-1,-1,-1,-1,-1,-1,-1,-1,-1,-1,-1,-1}",{},271,0
-2012900128,"{0.024758257000000002,0.024548544999999998,0.024563184000000002,0.024627695999999998,0.02453175,0.024565357,0.02475061,0.024455561999999997,0.024791969000000004,0.024587529000000004,0.024458801999999998,0.024641213999999998,0.024664483999999997,0.024619382000000002,0.024619708000000004,0.024525362999999998,0.02483408,0.024564041,0.024731801999999997,0.024529620000000002}",{},"{0.03098433,0.031071426,0.03098492,0.030816534,0.030884393,0.030878089,0.03091824,0.030930015,0.030833304,0.030626252,0.03096928,0.030660233,0.030915173,0.030974371,0.03132496,0.030830066,0.031282428,0.030768948,0.031051676,0.031537781}",{},"{0,0,0,0,0,0,0,0,0,0,0,0,0,0,0,0,0,0,0,0}",{},270,0
-677260616,"{0.194731637,0.19623642500000002,0.19377298799999998,0.19544808300000002,0.192718236,0.192805863,0.192110191,0.199555616,0.196074106,0.19348799900000002,0.19330086999999996,0.194174112,0.19417690999999998,0.19597791999999997,0.195739441,0.19635814099999999,0.194657921,0.194423057,0.195446305,0.198249197}",{},"{0.072250265,0.072590201,0.071217028,0.071347939,0.072245033,0.071932252,0.071700248,0.07159485,0.072276319,0.072948466,0.071457953,0.071669781,0.072418325,0.071673017,0.071408155,0.071713003,0.071554362,0.071682682,0.072087256,0.072050764}",{},"{0.00566005727984422,0.00566005727984422,0.00566005727984422,0.00566005727984422,0.00566005727984422,0.00566005727984422,0.00566005727984422,0.00566005727984422,0.00566005727984422,0.00566005727984422,0.00566005727984422,0.00566005727984422,0.00566005727984422,0.00566005727984422,0.00566005727984422,0.00566005727984422,0.00566005727984422,0.00566005727984422,0.00566005727984422,0.00566005727984422}",{},270,0
-632205292,"{0.00014248000000000038,0.0001465370000000004,0.0001430399999999988,0.00014145800000000056,0.00015004400000000022,0.00014926300000000017,0.00014716899999999908,0.00014256999999999985,0.00014567600000000083,0.00017140499999999947,0.0001402160000000003,0.0001599440000000004,0.00014431399999999955,0.00014355199999999992,0.0001468480000000015,0.0001517580000000001,0.00015142700000000085,0.00014364199999999938,0.00014624799999999986,0.00013815199999999903}",{},"{0.014144347,0.013903928,0.013849678,0.014150428,0.014255878,0.014256417,0.01407974,0.014024372,0.013982026,0.014177502,0.013843814,0.014327284,0.013942769,0.013816702,0.013902798,0.014254126,0.013892913,0.014175421,0.014782563,0.014188288}",{},"{-1,-1,-1,-1,-1,-1,-1,-1,-1,-1,-1,-1,-1,-1,-1,-1,-1,-1,-1,-1}",{},270,0
1099445189,"{0.00023014500000000104,0.00023800999999999684,0.00023008500000000487,0.00022945400000000393,0.000228742000000004,0.00023923299999999148,0.00022930399999999962,0.000236147000000006,0.00025394099999999364,0.00023000499999999147,0.0002342240000000051,0.00025030499999999234,0.0002361580000000002,0.00023206000000000615,0.00023379400000000938,0.00023236999999999564,0.00022609900000000738,0.0002317790000000014,0.00022468600000000172,0.0002337530000000032}",{},"{0.075553235,0.075323728,0.075096314,0.075523278,0.075665819,0.075934179,0.07499069,0.074896384,0.075427749,0.075174925,0.074875819,0.075723834,0.074905069,0.0748509,0.074969867,0.075503151,0.075101828,0.075041182,0.075317262,0.07506046}",{},"{-1,-1,-1,-1,-1,-1,-1,-1,-1,-1,-1,-1,-1,-1,-1,-1,-1,-1,-1,-1}",{},270,0
-1982073024,"{2.8815712110000002,2.924092543,2.937055955,2.875713324,2.8651542439999997,2.924802931,2.869817372,2.9182104840000003,2.873295261,2.912274227,2.894277552,2.8898917529999997,2.8692552609999997,2.907469407,2.922923414,2.888765501,2.8807974560000003,2.91123603,2.900892169,2.869203539}",{},"{0.013601052,0.013369598,0.013679948,0.01398212,0.013659569,0.01388277,0.013420492,0.013638661,0.013975856,0.013467688,0.013521023,0.013444712,0.013833131,0.013619889,0.013490607,0.01343853,0.013468519,0.013700149,0.01345726,0.013775224}",{},"{0.010548267014326295,0.010548267014326295,0.010548267014326295,0.010548267014326295,0.010548267014326295,0.010548267014326295,0.010548267014326295,0.010548267014326295,0.010548267014326295,0.010548267014326295,0.010548267014326295,0.010548267014326295,0.010548267014326295,0.010548267014326295,0.010548267014326295,0.010548267014326295,0.010548267014326295,0.010548267014326295,0.010548267014326295,0.010548267014326295}",{},270,0
914852577,"{2.004394418,2.03137337,2.010843365,2.022347027,2.002917542,2.060798067,2.023601072,2.01933279,2.004127339,2.023111768,2.01251203,2.0325017159999996,2.0329335509999997,2.025435243,2.015233123,2.019082157,2.0609733589999997,2.0312017129999997,2.010431923,2.02334467}",{},"{0.00881961,0.00880364,0.008895091,0.008723083,0.008585638,0.008986462,0.008552826,0.008792073,0.008611934,0.008557303,0.008663157,0.008746427,0.008670105,0.008873661,0.00903007,0.008670189,0.008624654,0.008640134,0.008662017,0.008902905}",{},"{0.01217107732422265,0.01217107732422265,0.01217107732422265,0.01217107732422265,0.01217107732422265,0.01217107732422265,0.01217107732422265,0.01217107732422265,0.01217107732422265,0.01217107732422265,0.01217107732422265,0.01217107732422265,0.01217107732422265,0.01217107732422265,0.01217107732422265,0.01217107732422265,0.01217107732422265,0.01217107732422265,0.01217107732422265,0.01217107732422265}",{},270,0
1743226342,"{0.01298231900000002,0.013063455999999807,0.013083434999999977,0.013078996000000176,0.01311072499999999,0.013077489000000053,0.013074240000000126,0.013205102000000135,0.013140385000000032,0.013336640999999982,0.013168476000000151,0.013088768000000028,0.013223266000000011,0.013227176000000007,0.01312230999999997,0.013299606999999991,0.013465373000000058,0.013831407999999934,0.013120461999999833,0.013229670000000082}",{},"{1.113032563,1.122401055,1.121175024,1.12269257,1.130351912,1.114838424,1.118347982,1.120080142,1.120340172,1.127289389,1.114383827,1.11497981,1.121716136,1.120425416,1.11280607,1.12215864,1.115542219,1.1139477740000001,1.129027213,1.133594034}",{},"{1.2484403327562321,1.2484403327562321,1.2484403327562321,1.2484403327562321,1.2484403327562321,1.2484403327562321,1.2484403327562321,1.2484403327562321,1.2484403327562321,1.2484403327562321,1.2484403327562321,1.2484403327562321,1.2484403327562321,1.2484403327562321,1.2484403327562321,1.2484403327562321,1.2484403327562321,1.2484403327562321,1.2484403327562321,1.2484403327562321}",{},270,0
-427208709,"{0.020864851,0.020860242999999997,0.020758198000000002,0.020818498,0.020683126000000003,0.020798215000000002,0.020933552,0.021217128,0.020823209999999998,0.021020300999999998,0.020787875,0.020812648000000003,0.021070490999999997,0.020793089,0.020952445,0.021081843,0.020902184999999997,0.020944347,0.020982360999999998,0.020895057}",{},"{0.030110939,0.030313794,0.029978517,0.030498713,0.030368356,0.030070761,0.030149004,0.029863826,0.030196167,0.030095205,0.030658572,0.029910422,0.030862763,0.030818826,0.030242117,0.030149486,0.030142807,0.029862759,0.030032283,0.030236273}",{},"{0.009067687048662251,0.009067687048662251,0.009067687048662251,0.009067687048662251,0.009067687048662251,0.009067687048662251,0.009067687048662251,0.009067687048662251,0.009067687048662251,0.009067687048662251,0.009067687048662251,0.009067687048662251,0.009067687048662251,0.009067687048662251,0.009067687048662251,0.009067687048662251,0.009067687048662251,0.009067687048662251,0.009067687048662251,0.009067687048662251}",{},270,0
1433412289,"{0.00023984300000012837,0.000224094000000008,0.00023299099999984918,0.00029396599999986783,0.00023660800000002702,0.00022379299999997215,0.00022725000000001216,0.00023260099999999895,0.0002289440000000642,0.00023645800000005046,0.00022399399999994962,0.0002335929999999209,0.0002263989999997662,0.00022708100000001785,0.00024281999999997694,0.0002311179999998636,0.0002362579999999337,0.0002606039999999421,0.0002350159999999768,0.0002233940000000434}",{},"{1.184450815,1.180925979,1.178804119,1.188766983,1.18250105,1.174752878,1.181080049,1.182834194,1.183844857,1.190000459,1.175913757,1.191605354,1.1868236620000001,1.185775504,1.188498966,1.1890880990000001,1.188064491,1.181285863,1.189378016,1.192916632}",{},"{-1,-1,-1,-1,-1,-1,-1,-1,-1,-1,-1,-1,-1,-1,-1,-1,-1,-1,-1,-1}",{},270,0
273689286,"{0.00021211100000000094,0.00021353300000000186,0.00020612999999999881,0.0002071410000000079,0.00022184999999999566,0.00022320300000000515,0.00021047899999999953,0.00021576899999999066,0.00022068899999999614,0.00021205200000000424,0.00021453699999998688,0.00023511599999999355,0.0002135240000000066,0.00021973599999999816,0.00022303299999999748,0.00022022800000000287,0.00020907700000000196,0.00020902600000000104,0.00021684100000000928,0.0002167520000000006}",{},"{0.079413909,0.079125786,0.07995888,0.080547264,0.079051015,0.079054156,0.079344214,0.079079197,0.079249599,0.07906723,0.079134349,0.079379082,0.079208457,0.079396829,0.078795832,0.08090353,0.07936412,0.079774287,0.079451923,0.079604498}",{},"{-1,-1,-1,-1,-1,-1,-1,-1,-1,-1,-1,-1,-1,-1,-1,-1,-1,-1,-1,-1}",{},270,0
-1474014691,"{9.288500000000002e-05,0.00011483700000000001,9.944800000000024e-05,9.269599999999975e-05,9.466999999999982e-05,9.905699999999962e-05,9.771499999999995e-05,9.954800000000008e-05,9.62929999999999e-05,9.684400000000001e-05,9.757499999999992e-05,9.42079999999997e-05,9.687399999999983e-05,9.821599999999993e-05,9.654299999999972e-05,9.834699999999993e-05,0.00012172000000000007,9.757499999999992e-05,9.2726e-05,9.124299999999997e-05}",{},"{0.003144232,0.003175003,0.003041322,0.003061883,0.003115717,0.003061507,0.003059785,0.003011765,0.003085977,0.003032747,0.003023601,0.003051895,0.003045312,0.002993986,0.003111509,0.00306454,0.00354874,0.003011892,0.002978558,0.003020048}",{},"{-1,-1,-1,-1,-1,-1,-1,-1,-1,-1,-1,-1,-1,-1,-1,-1,-1,-1,-1,-1}",{},271,0
-136549094,"{0.00010534899999999981,0.00013589700000000027,0.00010792400000000013,0.00010659199999999997,0.00010374699999999995,0.00010416700000000006,0.00010977800000000005,0.00010053999999999966,0.00010304499999999996,0.00013148900000000026,0.00010378700000000015,0.00010512900000000025,0.00010466899999999994,0.00010426799999999981,0.00010957799999999993,0.00011439700000000002,0.00010792500000000003,0.00013102800000000005,0.00010384700000000023,0.00010718299999999984}",{},"{0.002919647,0.003213476,0.002900437,0.00289602,0.003245743,0.003249604,0.002929368,0.002881718,0.003220512,0.002987451,0.002929081,0.002916799,0.002872475,0.002904105,0.002957107,0.003116058,0.002899248,0.00286855,0.002874491,0.002932982}",{},"{-1,-1,-1,-1,-1,-1,-1,-1,-1,-1,-1,-1,-1,-1,-1,-1,-1,-1,-1,-1}",{},271,0
805774395,"{0.163683819,0.164469349,0.162236871,0.165049158,0.164712603,0.163170453,0.161934917,0.163581072,0.162322917,0.16161178999999998,0.16341647299999998,0.16396340799999998,0.163636412,0.163970894,0.163408003,0.163630395,0.165264864,0.16410469,0.164535421,0.163973268}",{},"{0.002913325,0.002945669,0.003618595,0.003200777,0.003003405,0.002977418,0.002972069,0.002991577,0.002983723,0.003366309,0.003013802,0.003140192,0.003001811,0.002991692,0.00298561,0.002962458,0.003233421,0.003021981,0.003020729,0.003226659}",{},"{0,0,0,0,0,0,0,0,0,0,0,0,0,0,0,0,0,0,0,0}",{},271,0
-709484285,"{0.19458381200000002,0.692481223,0.192511795,0.7727390949999999,0.194968466,0.71231846,0.19569283799999998,0.818596713,0.195420334,0.684250286,0.193288412,0.8176817679999999,0.19442936000000002,0.7799908240000001,0.195138386,0.734941896,0.195679151,0.805188402,0.195312492,0.698293878}",{},"{0.014276354,0.014763016,0.014348955,0.01473078,0.014671139,0.01474022,0.014603143,0.015491788,0.014448703,0.014678239,0.014232084,0.014684153,0.014400065,0.014811866,0.014578204,0.015088102,0.014423072,0.014606589,0.014298907,0.015014284}",{},"{0.013842624318549627,0.07596228554589099,0.013842624318549627,0.07596228554589099,0.013842624318549627,0.07596228554589099,0.013842624318549627,0.07596228554589099,0.013842624318549627,0.07596228554589099,0.013842624318549627,0.07596228554589099,0.013842624318549627,0.07596228554589099,0.013842624318549627,0.07596228554589099,0.013842624318549627,0.07596228554589099,0.013842624318549627,0.07596228554589099}",{},540,0
855414531,"{0.027892738,0.028180580999999996,0.027698786000000003,0.029839046,0.027793657,0.027750240999999995,0.028039894000000003,0.027938064,0.027741093,0.027538778,0.028172947999999996,0.028181101,0.027617369000000003,0.02757835,0.028690133,0.02819025,0.028159194,0.027879547000000005,0.028680358000000003,0.027764975000000004}",{},"{0.031934853,0.032764935,0.031955775,0.03313901,0.031883475,0.032114884,0.032164134,0.033001384,0.032935271,0.032530226,0.031868802,0.032957494,0.031952146,0.032716571,0.033716443,0.033252908,0.033334388,0.03291175,0.033133894,0.032072685}",{},"{0,0,0,0,0,0,0,0,0,0,0,0,0,0,0,0,0,0,0,0}",{},270,0
1644873975,"{1.0369707670000001,1.034187843,1.0380165799999999,1.022507772,1.028760396,1.04863975,1.0324710080000001,1.028193259,1.046362083,1.029143733,1.027494967,1.021686034,1.025850962,1.0252548369999999,1.0172174489999999,1.037372119,1.036254419,1.022534434,1.038378858,1.03926296}",{},"{0.062436757,0.062921066,0.062364078,0.061534738,0.062470129,0.062534397,0.063014518,0.061762344,0.063465514,0.062426045,0.06215007,0.061805684,0.061795858,0.062130425,0.062221998,0.062508089,0.063311771,0.061942552,0.063101035,0.06282645}",{},"{1.243271032252587,1.243271032252587,1.243271032252587,1.243271032252587,1.243271032252587,1.243271032252587,1.243271032252587,1.243271032252587,1.243271032252587,1.243271032252587,1.243271032252587,1.243271032252587,1.243271032252587,1.243271032252587,1.243271032252587,1.243271032252587,1.243271032252587,1.243271032252587,1.243271032252587,1.243271032252587}",{},270,0
-42908418,"{0.280611936,0.285649904,0.284123744,0.285242422,0.285196633,0.284599786,0.283282302,0.287017327,0.28479770800000004,0.284461559,0.283042757,0.28635580099999997,0.286061429,0.283655836,0.28544323299999996,0.284767245,0.282926772,0.28419521000000003,0.286182716,0.28697276}",{},"{0.017904329,0.017818876,0.017817621,0.017502067,0.017920392,0.017559821,0.018108138,0.017830621,0.017752479,0.017863236,0.01807867,0.018016175,0.01791098,0.01766117,0.017805306,0.017987184,0.017724859,0.018105864,0.01761214,0.017874117}",{},"{0,0,0,0,0,0,0,0,0,0,0,0,0,0,0,0,0,0,0,0}",{},270,0
-575957182,"{0.18944559299999997,0.1907741839999999,0.18011877900000006,0.18925249500000008,0.18342141299999992,0.1892524969999999,0.18255983600000003,0.184313748,0.18937873300000008,0.18086219700000006,0.18847950300000005,0.18809655399999992,0.1842499139999999,0.18495361100000007,0.188772622,0.185261652,0.183120454,0.18591239799999992,0.18945657699999996,0.1903836}",{},"{0.930113514,0.937847525,0.931324185,0.937713445,0.936885512,0.936052362,0.937632195,0.931934068,0.932181025,0.936513869,0.934477908,0.933684876,0.931475237,0.940525149,0.934257198,0.958337428,0.961434849,0.953006239,0.959354275,0.962904085}",{},"{0.0779025856186111,0.0779025856186111,0.0779025856186111,0.0779025856186111,0.0779025856186111,0.0779025856186111,0.0779025856186111,0.0779025856186111,0.0779025856186111,0.0779025856186111,0.0779025856186111,0.0779025856186111,0.0779025856186111,0.0779025856186111,0.0779025856186111,0.0779025856186111,0.0779025856186111,0.0779025856186111,0.0779025856186111,0.0779025856186111}",{},270,0
486465572,"{9.673300000000032e-05,0.00010927700000000007,0.0001274309999999999,0.00010631200000000033,0.00010234399999999987,0.00010643200000000005,0.00017880799999999992,0.0001017030000000003,0.00010194300000000017,0.00010918699999999974,9.666299999999987e-05,0.00010050999999999984,0.00011433699999999995,0.00011777300000000027,0.00010518899999999989,9.705400000000006e-05,0.00010050100000000024,0.00010000899999999986,0.00010119199999999995,9.997e-05}",{},"{0.003131939,0.003154704,0.003275936,0.003215835,0.003164369,0.003134695,0.003162039,0.003107577,0.003430379,0.003191648,0.003103743,0.003146214,0.003083976,0.003125906,0.00323331,0.003385088,0.003155944,0.00313759,0.003177787,0.003144062}",{},"{-1,-1,-1,-1,-1,-1,-1,-1,-1,-1,-1,-1,-1,-1,-1,-1,-1,-1,-1,-1}",{},271,0
-13341954,"{0.00013710899999999984,0.00014159700000000025,0.00016216600000000005,0.00014413299999999941,0.0001485810000000018,0.00014376199999999867,0.0001425300000000001,0.00014144800000000235,0.00014119800000000036,0.0001474990000000006,0.00015348099999999872,0.00014823099999999867,0.00016111599999999934,0.00014283100000000298,0.00014600700000000008,0.0001445040000000019,0.00014071699999999854,0.00013779099999999996,0.00014600700000000008,0.00014926300000000017}",{},"{0.01546896,0.01568253,0.015432401,0.015285526,0.015659494,0.015618796,0.015476556,0.016200944,0.015333247,0.015478859,0.015590715,0.015488635,0.01550512,0.015678822,0.015402932,0.015529665,0.015304219,0.015550678,0.015444619,0.015445412}",{},"{-1,-1,-1,-1,-1,-1,-1,-1,-1,-1,-1,-1,-1,-1,-1,-1,-1,-1,-1,-1}",{},270,0
-1584360744,"{0.20983247,0.210008699,0.21068922899999998,0.211323371,0.210755293,0.210560843,0.209043311,0.21059016800000002,0.211680137,0.210639268,0.209539748,0.21009805199999998,0.21132832099999999,0.210770837,0.2110904,0.21007703,0.21011032100000002,0.209685931,0.209401872,0.21187572200000002}",{},"{0.020182161,0.020608188,0.020245581,0.020118427,0.020508079,0.02007419,0.02088167,0.02038088,0.020581218,0.020399,0.020099058,0.020268574,0.020370993,0.020347111,0.020744339,0.020127533,0.020253313,0.020130262,0.020471602,0.02012181}",{},"{0,0,0,0,0,0,0,0,0,0,0,0,0,0,0,0,0,0,0,0}",{},270,0
767041607,"{0.02802918099999996,0.02839652199999998,0.028138379000000047,0.028287410999999985,0.028208840999999873,0.028330366999999912,0.028517314999999988,0.028480286999999826,0.02847781199999999,0.028543546000000086,0.02821478200000005,0.0284305370000002,0.02838718100000004,0.028395781999999814,0.028292702000000114,0.028463579999999933,0.028445368999999943,0.028536995999999926,0.028456054000000064,0.028990089000000108}",{},"{1.138443413,1.137426568,1.137979471,1.140181012,1.153154924,1.139924686,1.143868169,1.142256895,1.143961209,1.144099247,1.1372560489999999,1.144393525,1.136125584,1.138992669,1.138343951,1.142532472,1.144337744,1.1442562,1.134322887,1.149799249}",{},"{1.3097278136541317,1.3097278136541317,1.3097278136541317,1.3097278136541317,1.3097278136541317,1.3097278136541317,1.3097278136541317,1.3097278136541317,1.3097278136541317,1.3097278136541317,1.3097278136541317,1.3097278136541317,1.3097278136541317,1.3097278136541317,1.3097278136541317,1.3097278136541317,1.3097278136541317,1.3097278136541317,1.3097278136541317,1.3097278136541317}",{},270,0
-1172346037,"{0.0001584599999999714,0.00016685600000010403,0.0001597520000000685,0.0001699920000000077,0.00016839900000009678,0.0001794200000000412,0.0001656729999999218,0.00016807799999996043,0.00016048400000001628,0.00016763799999996998,0.00016357000000000177,0.00016053399999993445,0.00016813800000003987,0.00017071400000001624,0.0001606249999999143,0.00015958299999985215,0.00016181699999995303,0.00015921200000001967,0.00015991300000006703,0.00016555399999984566}",{},"{1.145792957,1.1455631689999999,1.138845245,1.146661972,1.148652243,1.141607565,1.135951281,1.146644531,1.138106918,1.15181315,1.146098316,1.143999781,1.138141571,1.139035262,1.135967012,1.14572011,1.144026915,1.134789616,1.138696467,1.151751796}",{},"{-1,-1,-1,-1,-1,-1,-1,-1,-1,-1,-1,-1,-1,-1,-1,-1,-1,-1,-1,-1}",{},270,0
-744793937,"{1.610959093,1.605925955,1.611689161,1.609221735,1.613984023,1.597204915,1.609326989,1.604635979,1.6021277800000002,1.612562777,1.603904049,1.6051056400000001,1.604983452,1.607152537,1.6057939159999999,1.609522269,1.609086038,1.606023291,1.6093612119999998,1.608830219}",{},"{0.003243139,0.003166667,0.003406464,0.003141074,0.003224333,0.003376023,0.003155176,0.003349185,0.003502607,0.003377,0.003187842,0.003433067,0.003193504,0.00319621,0.003219684,0.003302332,0.003174319,0.003394638,0.003278558,0.003327671}",{},"{0.008389728056460606,0.008389728056460606,0.008389728056460606,0.008389728056460606,0.008389728056460606,0.008389728056460606,0.008389728056460606,0.008389728056460606,0.008389728056460606,0.008389728056460606,0.008389728056460606,0.008389728056460606,0.008389728056460606,0.008389728056460606,0.008389728056460606,0.008389728056460606,0.008389728056460606,0.008389728056460606,0.008389728056460606,0.008389728056460606}",{},271,0
745119049,"{0.00016199600000000106,0.00017572199999999968,0.00017833699999999716,0.00017486100000000185,0.00016838899999999796,0.0001653729999999999,0.00017200599999999885,0.00016792799999999775,0.00016857899999999856,0.00016964199999999763,0.00017239700000000122,0.0001788190000000002,0.00016437099999999996,0.00017232600000000042,0.00017357999999999957,0.00016587399999999988,0.00016711700000000135,0.00016761799999999785,0.00016921100000000244,0.0001687000000000008}",{},"{0.026894404,0.02705267,0.027490882,0.027374783,0.027016022,0.027277373,0.027194268,0.027477607,0.026851361,0.027172488,0.027111009,0.027124402,0.02705169,0.027229772,0.02749066,0.026887802,0.027180931,0.027080163,0.027230129,0.027603779}",{},"{-1,-1,-1,-1,-1,-1,-1,-1,-1,-1,-1,-1,-1,-1,-1,-1,-1,-1,-1,-1}",{},270,0
31318540,"{0.22006466500000002,0.152598982,0.221229936,0.150248582,0.21951495899999998,0.15128049999999998,0.220592571,0.150474738,0.21849086,0.151759056,0.21751033,0.148923931,0.218903907,0.149759812,0.219856846,0.15221441200000002,0.217948176,0.150060541,0.220228106,0.146849402}",{},"{0.003454998,0.003484283,0.003482291,0.003700965,0.003688091,0.003458917,0.003536054,0.003401348,0.003435825,0.003798362,0.003551785,0.003423751,0.00349111,0.003428972,0.003503575,0.003456996,0.003510698,0.003444883,0.003553329,0.003402924}",{},"{0.06072707848534106,0.006350934871105373,0.06072707848534106,0.006350934871105373,0.06072707848534106,0.006350934871105373,0.06072707848534106,0.006350934871105373,0.06072707848534106,0.006350934871105373,0.06072707848534106,0.006350934871105373,0.06072707848534106,0.006350934871105373,0.06072707848534106,0.006350934871105373,0.06072707848534106,0.006350934871105373,0.06072707848534106,0.006350934871105373}",{},542,0
1885452382,"{0.00011856399999999982,0.00010746399999999982,9.291599999999975e-05,9.911700000000013e-05,0.00012107000000000003,0.00011158100000000035,9.87169999999999e-05,0.00011702200000000005,9.8758e-05,9.245599999999988e-05,9.31259999999998e-05,0.00011483700000000001,9.024100000000002e-05,9.505000000000017e-05,9.62430000000002e-05,9.408899999999989e-05,9.755500000000004e-05,9.569099999999975e-05,0.00010190400000000032,9.475000000000022e-05}",{},"{0.003409623,0.003424414,0.00312945,0.003124142,0.003423039,0.003202844,0.003282878,0.003407405,0.003109121,0.003397067,0.003408541,0.003333198,0.003098734,0.003108293,0.003142608,0.003082164,0.003150094,0.003092525,0.003180602,0.003102013}",{},"{-1,-1,-1,-1,-1,-1,-1,-1,-1,-1,-1,-1,-1,-1,-1,-1,-1,-1,-1,-1}",{},271,0
-1679161135,"{0.00015241799999999792,0.00015634500000000218,0.00017508100000000054,0.00015398100000000095,0.00014906200000000015,0.00014332199999999955,0.00014255899999999697,0.00014776999999999846,0.0001633799999999977,0.00014318099999999917,0.00015170699999999745,0.00014307200000000103,0.00014538599999999735,0.0001493029999999982,0.0001488619999999996,0.000143041,0.0001447449999999982,0.00014886200000000308,0.00016114499999999796,0.00014358200000000147}",{},"{0.016195362,0.016183587,0.016079274,0.016129933,0.015622875,0.015417736,0.01582222,0.015628961,0.015905451,0.015862997,0.015984541,0.015924431,0.015734395,0.015585085,0.01591857,0.016148558,0.015581014,0.015847431,0.016015311,0.015611907}",{},"{-1,-1,-1,-1,-1,-1,-1,-1,-1,-1,-1,-1,-1,-1,-1,-1,-1,-1,-1,-1}",{},270,0
1595905862,"{2.099792076,0.06708319700000001,2.122419382,0.067710773,2.110012559,0.06784338899999999,2.112557401,0.067981862,2.11146095,0.06676118800000001,2.1037387819999998,0.065958025,2.108357618,0.068475266,2.1075617739999997,0.065778078,2.1143288350000002,0.06708272800000001,2.1118363029999996,0.06785670099999999}",{},"{0.004152269,0.004533872,0.004145839,0.004610408,0.004140178,0.004608836,0.00412469,0.004533014,0.004290214,0.005021561,0.004145992,0.005130208,0.004126265,0.004534478,0.004251963,0.004581879,0.004140813,0.004551432,0.004436173,0.004728488}",{},"{-1,0.00010651004427085876,-1,0.00010651004427085876,-1,0.00010651004427085876,-1,0.00010651004427085876,-1,0.00010651004427085876,-1,0.00010651004427085876,-1,0.00010651004427085876,-1,0.00010651004427085876,-1,0.00010651004427085876,-1,0.00010651004427085876}",{},540,0
1295382976,"{0.0002320100000000047,0.0002106789999999914,0.0002219110000000052,0.00022022800000000287,0.0002221609999999985,0.00022127900000000478,0.00022382399999999747,0.0002239140000000056,0.00023044699999999474,0.00023018599999999334,0.00023120799999999664,0.0002343239999999941,0.00021403600000000078,0.00022780199999999917,0.00022763200000000539,0.00022587800000001268,0.0002147779999999988,0.0002222010000000052,0.00022599800000000503,0.00022822299999999962}",{},"{0.078338721,0.078572785,0.078619072,0.078066675,0.078385527,0.077781011,0.078330307,0.078947016,0.077896246,0.07834604,0.078117588,0.078442524,0.077832526,0.07807722,0.078181537,0.078127544,0.077993627,0.077866376,0.078388102,0.078554358}",{},"{-1,-1,-1,-1,-1,-1,-1,-1,-1,-1,-1,-1,-1,-1,-1,-1,-1,-1,-1,-1}",{},540,0
-885811873,"{2.45688978,2.439559381,2.451321758,2.2893141719999996,2.479132662,2.283886802,2.455417846,2.2816282909999996,2.448382682,2.2822849780000003,2.46845116,2.292807222,2.44757388,2.277953608,2.468294974,2.2666113930000003,2.450282514,2.278325164,2.6240524279999997,2.41047898}",{},"{0.008114157,0.008088308,0.008389851,0.008659332,0.008499621,0.007937476,0.008395946,0.008023371,0.008134943,0.00804349,0.00821146,0.008335174,0.008322812,0.007974862,0.008241268,0.0080579,0.008543181,0.008058191,0.008189701,0.00854213}",{},"{0.2205563164477515,1.1281447619588165,0.2205563164477515,1.1281447619588165,0.2205563164477515,1.1281447619588165,0.2205563164477515,1.1281447619588165,0.2205563164477515,1.1281447619588165,0.2205563164477515,1.1281447619588165,0.2205563164477515,1.1281447619588165,0.2205563164477515,1.1281447619588165,0.2205563164477515,1.1281447619588165,0.2205563164477515,1.1281447619588165}",{},540,0
-1447599021,"{0.229633866,0.227410371,0.206806242,0.356349767,0.230678354,0.227631086,0.20670850200000002,0.353917347,0.229688841,0.227513987,0.20650913399999998,0.359560643,0.231549109,0.226241574,0.206320885,0.357133132,0.231694913,0.228250601,0.20764090400000002,0.356648029}",{},"{0.003167907,0.003684767,0.00367564,0.003742677,0.003445654,0.003956102,0.003688113,0.004010314,0.00315873,0.003663958,0.003681181,0.003718302,0.00316906,0.003723962,0.003789657,0.003762956,0.003154884,0.003892643,0.003640404,0.003725505}",{},"{0,0,-1,0,0,0,-1,0,0,0,-1,0,0,0,-1,0,0,0,-1,0}",{},1084,0
-1678655183,"{0.03610656799999999,0.035804764,0.03625605900000001,0.036578626,0.036052104,0.03654207200000001,0.036333776,0.036467353999999993,0.03643489700000001,0.036426793,0.036266399000000005,0.03587864299999999,0.036523204000000004,0.036204094000000006,0.036384122000000005,0.03642572599999999,0.03637802,0.03605307799999999,0.03627678599999999,0.036454926}",{},"{0.072755862,0.073254586,0.073120046,0.072874037,0.073128305,0.073041263,0.072782439,0.073178461,0.072471578,0.073701262,0.072899745,0.072941633,0.07275864,0.072926352,0.072870889,0.073339808,0.07373149,0.072579052,0.073129914,0.073417275}",{},"{0.09266238805025301,0.09266238805025301,0.09266238805025301,0.09266238805025301,0.09266238805025301,0.09266238805025301,0.09266238805025301,0.09266238805025301,0.09266238805025301,0.09266238805025301,0.09266238805025301,0.09266238805025301,0.09266238805025301,0.09266238805025301,0.09266238805025301,0.09266238805025301,0.09266238805025301,0.09266238805025301,0.09266238805025301,0.09266238805025301}",{},270,0
-680379475,"{0.009618355,0.026110442,0.028376441999999998,0.009411785,0.026139089,0.028829454999999997,0.009359868,0.026651876,0.028686767999999998,0.009520723,0.02650994,0.02879693,0.009318862,0.026198542000000002,0.029188945999999997,0.009718691,0.02646025,0.028626652000000002,0.009536697,0.026291181}",{},"{0.003887851,0.003440393,0.003644169,0.003837617,0.00340141,0.003717048,0.004030001,0.003311539,0.0036812,0.003882883,0.003505989,0.003821126,0.003913671,0.003270903,0.003468187,0.003873205,0.003514976,0.003795227,0.003862595,0.003331448}",{},"{0.14309492092295978,0.07212079897399054,0.07212079897399054,0.14309492092295978,0.07212079897399054,0.07212079897399054,0.14309492092295978,0.07212079897399054,0.07212079897399054,0.14309492092295978,0.07212079897399054,0.07212079897399054,0.14309492092295978,0.07212079897399054,0.07212079897399054,0.14309492092295978,0.07212079897399054,0.07212079897399054,0.14309492092295978,0.07212079897399054}",{},813,0
-2097581810,"{0.429686091,0.428655212,0.43132042800000003,0.427897489,0.42170120699999997,0.42793833000000003,0.42687852699999995,0.42815176099999996,0.42782773799999996,0.42718673,0.429729749,0.428840706,0.42666490900000004,0.429137762,0.428687731,0.427195656,0.42859725,0.42783791800000004,0.42915234199999996,0.425098801}",{},"{0.028972076,0.029006372,0.02912338,0.028882126,0.028665908,0.028873718,0.028630833,0.029369756,0.028872987,0.029743195,0.028782072,0.029440337,0.029297594,0.029061321,0.029285081,0.02879659,0.028676325,0.0287091,0.028574668,0.028858499}",{},"{0.016922474850104754,0.016922474850104754,0.016922474850104754,0.016922474850104754,0.016922474850104754,0.016922474850104754,0.016922474850104754,0.016922474850104754,0.016922474850104754,0.016922474850104754,0.016922474850104754,0.016922474850104754,0.016922474850104754,0.016922474850104754,0.016922474850104754,0.016922474850104754,0.016922474850104754,0.016922474850104754,0.016922474850104754,0.016922474850104754}",{},270,0
1336070322,"{2.410549778,2.4196511669999996,2.419014788,2.4180785140000003,2.423142374,2.440993048,2.433490435,2.423412766,2.421698889,2.421418742,2.4221008939999997,2.413449029,2.438860894,2.428229879,2.4233590499999997,2.419746467,2.424877966,2.418393908,2.41209294,2.422543589}",{},"{0.00782509,0.008029415,0.007722742,0.008270926,0.007786795,0.008197027,0.008223131,0.00768267,0.00817172,0.008131606,0.007738986,0.007660108,0.007928038,0.00787575,0.007869218,0.008010097,0.007803557,0.007821662,0.007769083,0.007637374}",{},"{0,0,0,0,0,0,0,0,0,0,0,0,0,0,0,0,0,0,0,0}",{},270,0
1227085987,"{0.21894972899999998,0.220387745,0.222335469,0.223745865,0.221276669,0.22130408899999998,0.22436496800000003,0.21950807900000002,0.221054004,0.217341698,0.221850592,0.221349062,0.217001496,0.22045966,0.221364649,0.218876672,0.221755146,0.224513608,0.2229014,0.223806323}",{},"{0.01577416,0.015572173,0.015591212,0.016124261,0.017012362,0.015731647,0.015584737,0.015942731,0.015983945,0.015624308,0.015858886,0.016451163,0.015685535,0.0155868,0.015662867,0.016933939,0.015814187,0.016168362,0.01599292,0.015678575}",{},"{0,0,0,0,0,0,0,0,0,0,0,0,0,0,0,0,0,0,0,0}",{},271,0
-1780585141,"{0.000227308999999995,0.00022814100000000115,0.0002459350000000027,0.0002440110000000023,0.0002270500000000064,0.00022068799999999666,0.00022890300000000252,0.00022635799999999595,0.00022335400000000893,0.00022490699999999642,0.0002285540000000058,0.00021974699999999237,0.00022401499999999408,0.00022002699999999764,0.00021908600000000722,0.0002240949999999936,0.00022259199999999368,0.00022591799999999163,0.0002223920000000018,0.00021913599999999478}",{},"{0.104600934,0.100552729,0.099941858,0.09977751,0.099474989,0.099771636,0.099813893,0.100512487,0.099798009,0.100360196,0.100286223,0.100522334,0.100886976,0.100674112,0.100300848,0.100082609,0.100376057,0.100432876,0.099737024,0.100304638}",{},"{-1,-1,-1,-1,-1,-1,-1,-1,-1,-1,-1,-1,-1,-1,-1,-1,-1,-1,-1,-1}",{},270,0
-1459678443,"{0.688304999,0.68018346,0.679477,0.677432948,0.67674908,0.6802315130000001,0.677658187,0.6863482919999999,0.676150601,0.680694222,0.672115149,0.67811118,0.6823048060000001,0.696314524,0.688850526,0.687210054,0.6766457969999999,0.675389548,0.674109002,0.674208817}",{},"{0.037831876,0.037912477,0.037057713,0.037807931,0.037105867,0.037287663,0.036731237,0.036978703,0.037489895,0.037262927,0.037861492,0.038490705,0.037821143,0.03746765,0.037217532,0.037252203,0.036924346,0.036888993,0.03794022,0.037085923}",{},"{0.0023733268619461787,0.0023733268619461787,0.0023733268619461787,0.0023733268619461787,0.0023733268619461787,0.0023733268619461787,0.0023733268619461787,0.0023733268619461787,0.0023733268619461787,0.0023733268619461787,0.0023733268619461787,0.0023733268619461787,0.0023733268619461787,0.0023733268619461787,0.0023733268619461787,0.0023733268619461787,0.0023733268619461787,0.0023733268619461787,0.0023733268619461787,0.0023733268619461787}",{},270,0
572864360,"{1.379981911,1.383750491,1.38288832,1.3810469129999998,1.3812014069999998,1.379578288,1.380829501,1.386965273,1.3828775750000002,1.3744359949999998,1.380123658,1.378727654,1.377870195,1.381073859,1.3823872480000001,1.391480585,1.383398582,1.3624429299999998,1.3792358310000001,1.382469381}",{},"{0.007991976,0.008421717,0.008088664,0.008966763,0.008361523,0.008213187,0.008450101,0.007960898,0.008035482,0.008120346,0.008078028,0.008106484,0.008114019,0.008168696,0.008202581,0.008324093,0.008691421,0.00797302,0.008043613,0.008102746}",{},"{0,0,0,0,0,0,0,0,0,0,0,0,0,0,0,0,0,0,0,0}",{},270,0
-337957417,"{0.083084507,0.084085084,0.08568070500000001,0.08571907299999999,0.08462877599999999,0.08430968200000001,0.082932416,0.084510161,0.083635686,0.08422170400000001,0.08472324900000001,0.08479246199999999,0.08500618500000001,0.08224409499999999,0.08315228000000001,0.084090421,0.084107745,0.08483859899999999,0.08407244400000001,0.085383819}",{},"{0.063775829,0.063335521,0.063547699,0.063664868,0.063689418,0.063746072,0.06385,0.064034228,0.063611138,0.063510702,0.063798704,0.063187713,0.063823152,0.064248309,0.063797636,0.063461709,0.06394963,0.064057363,0.063378532,0.063694055}",{},"{0.02688555914557845,0.02688555914557845,0.02688555914557845,0.02688555914557845,0.02688555914557845,0.02688555914557845,0.02688555914557845,0.02688555914557845,0.02688555914557845,0.02688555914557845,0.02688555914557845,0.02688555914557845,0.02688555914557845,0.02688555914557845,0.02688555914557845,0.02688555914557845,0.02688555914557845,0.02688555914557845,0.02688555914557845,0.02688555914557845}",{},270,0
-589613626,"{0.00012611799999995288,0.00015132600000000718,0.00016131599999991142,0.00014642700000000453,0.0001237440000000367,0.00011850399999990824,0.00012729099999997384,0.00014650799999993414,0.0001307070000000632,0.0001204880000000852,0.00013108800000005694,0.00011585899999999594,0.0001209100000000296,0.00013175999999992527,0.00016375999999995727,0.00012213199999999702,0.00018286700000003098,0.00012374500000000843,0.00013201999999989944,0.00013057800000004782}",{},"{0.776079984,0.777677479,0.77469929,0.773148918,0.774259403,0.772947813,0.772234031,0.770573378,0.794891888,0.778284617,0.778029625,0.776395439,0.773040254,0.77736141,0.772297907,0.784166719,0.778918573,0.772925832,0.777230908,0.775512892}",{},"{-1,-1,-1,-1,-1,-1,-1,-1,-1,-1,-1,-1,-1,-1,-1,-1,-1,-1,-1,-1}",{},270,0
1086560941,"{0.00019723200000010266,0.00019781400000007388,0.00019038999999998474,0.0001871139999998217,0.00020530900000004237,0.00019712299999996574,0.0002016819999999253,0.0002029350000001262,0.0001893180000001049,0.00018857699999985655,0.0001977850000001169,0.00019731400000000399,0.0001906820000001641,0.0001875250000000772,0.00018886799999995318,0.0001968540000001351,0.00019288600000000322,0.00020476800000013284,0.00020015999999989376,0.0001887080000000374}",{},"{1.226278925,1.216276612,1.218643587,1.2253774100000001,1.223364364,1.220080688,1.229726571,1.223217176,1.214573314,1.215507362,1.217388486,1.222577026,1.2252257069999999,1.216782208,1.215154058,1.21706301,1.223551957,1.214356794,1.218350886,1.2153139099999999}",{},"{-1,-1,-1,-1,-1,-1,-1,-1,-1,-1,-1,-1,-1,-1,-1,-1,-1,-1,-1,-1}",{},270,0
1686406195,"{0.0002145350000000018,0.00021594800000000747,0.00022202000000000333,0.00021072799999999337,0.0002087950000000116,0.00021846400000000155,0.00021777200000000496,0.0002219700000000019,0.00022264100000000953,0.00021121000000000334,0.0002207379999999981,0.00021700099999999445,0.00022527699999999595,0.00021626000000000978,0.00021537899999998777,0.0002205579999999957,0.00021308400000000227,0.00021101100000001094,0.0002149580000000012,0.00020718299999999967}",{},"{0.09244386,0.092499133,0.09406947,0.093431022,0.093493839,0.093372689,0.093240334,0.093817365,0.092620341,0.093376342,0.093260429,0.093065491,0.093680315,0.093274843,0.09370849,0.093452017,0.09332168,0.093567165,0.094275377,0.093172984}",{},"{-1,-1,-1,-1,-1,-1,-1,-1,-1,-1,-1,-1,-1,-1,-1,-1,-1,-1,-1,-1}",{},270,0
-1622839981,"{0.65568198,0.657687611,0.657929244,0.654037208,0.659529354,0.6516415499999999,0.662999932,0.656309947,0.669513921,0.659481881,0.658823682,0.665529735,0.661015573,0.660257069,0.656595825,0.664614832,0.658045278,0.659947465,0.6545794269999999,0.658582112}",{},"{0.036858568,0.036026592,0.036180114,0.036191964,0.036403989,0.036138768,0.036042213,0.03623801,0.036772916,0.035813641,0.036001888,0.036534137,0.0358674,0.03615425,0.035909171,0.03649624,0.036637362,0.036145353,0.036342419,0.036334267}",{},"{0.002389533191817428,0.002389533191817428,0.002389533191817428,0.002389533191817428,0.002389533191817428,0.002389533191817428,0.002389533191817428,0.002389533191817428,0.002389533191817428,0.002389533191817428,0.002389533191817428,0.002389533191817428,0.002389533191817428,0.002389533191817428,0.002389533191817428,0.002389533191817428,0.002389533191817428,0.002389533191817428,0.002389533191817428,0.002389533191817428}",{},270,0
-887587427,"{0.00017550199999999752,0.00016878899999999905,0.00016317799999999993,0.00017552200000000087,0.00018488000000000185,0.00020542900000000003,0.00016816899999999926,0.00017880899999999852,0.00017656500000000006,0.00018471999999999933,0.00018400900000000234,0.00017639399999999986,0.00017619400000000104,0.00017505099999999899,0.00016956200000000157,0.00016923099999999885,0.00017114399999999808,0.00017409000000000174,0.00017001199999999717,0.00018119299999999963}",{},"{0.028558538,0.028727606,0.028787195,0.028418439,0.028328066,0.028695368,0.028380926,0.028498821,0.028481579,0.028654826,0.028792256,0.02901772,0.028289365,0.028406784,0.02838708,0.028380872,0.028302277,0.028673153,0.02871198,0.028692325}",{},"{-1,-1,-1,-1,-1,-1,-1,-1,-1,-1,-1,-1,-1,-1,-1,-1,-1,-1,-1,-1}",{},270,0
1468625451,"{0.00014176800000000045,0.00017425899999999953,0.00014090700000000088,0.00016827799999999914,0.00013820099999999925,0.0001499640000000007,0.00013934399999999958,0.0001426200000000013,0.00013891300000000092,0.00013701000000000164,0.00014034599999999953,0.00013473599999999988,0.00014392300000000066,0.00014145800000000056,0.0001455559999999998,0.00014271999999999896,0.00013839199999999933,0.0001393239999999997,0.00013713999999999914,0.00013965500000000068}",{},"{0.014167911,0.014129795,0.01418383,0.013970157,0.014193169,0.013929549,0.013982045,0.013834372,0.013746,0.013853148,0.014354502,0.013911526,0.014022349,0.014114768,0.014167399,0.013811768,0.014190437,0.013992133,0.013757389,0.014023444}",{},"{-1,-1,-1,-1,-1,-1,-1,-1,-1,-1,-1,-1,-1,-1,-1,-1,-1,-1,-1,-1}",{},270,0
1467587569,"{0.0001633590000000018,0.0001607239999999975,0.00017018299999999736,0.00016800800000000074,0.00016900000000000248,0.0001634799999999971,0.00016573400000000071,0.0001653729999999999,0.0001631789999999994,0.00017553199999999908,0.0001641920000000005,0.00017054300000000217,0.00016867900000000144,0.00016363999999999962,0.00016301999999999983,0.00019325699999999876,0.00016252800000000206,0.00016850900000000071,0.000167467999999997,0.0001692009999999973}",{},"{0.022126911,0.022307934,0.021851865,0.02210744,0.021922464,0.022126491,0.021692212,0.022063496,0.021955095,0.021861347,0.021926122,0.022011074,0.021904936,0.022075078,0.021728112,0.022030185,0.021762871,0.02226841,0.022029788,0.022079963}",{},"{-1,-1,-1,-1,-1,-1,-1,-1,-1,-1,-1,-1,-1,-1,-1,-1,-1,-1,-1,-1}",{},540,0
-2080801423,"{0.342130625,0.33593700200000004,0.343907649,0.342602178,0.340386378,0.343703986,0.344031085,0.342062705,0.344051982,0.33976938999999995,0.34269943999999997,0.33947186700000004,0.338575581,0.341727669,0.34043264100000004,0.335925743,0.343883604,0.333638673,0.33850708700000004,0.337115725}",{},"{0.071476404,0.071883716,0.071537674,0.071186794,0.07176705,0.071667101,0.071339215,0.072834168,0.072323157,0.071497055,0.071364224,0.071415089,0.071663304,0.071108797,0.071582856,0.071194481,0.071446587,0.0715865,0.071323078,0.072237147}",{},"{0.5593300835310661,0.5593300835310661,0.5593300835310661,0.5593300835310661,0.5593300835310661,0.5593300835310661,0.5593300835310661,0.5593300835310661,0.5593300835310661,0.5593300835310661,0.5593300835310661,0.5593300835310661,0.5593300835310661,0.5593300835310661,0.5593300835310661,0.5593300835310661,0.5593300835310661,0.5593300835310661,0.5593300835310661,0.5593300835310661}",{},270,0
-1597469689,"{0.00018854599999995614,0.0001942669999999147,0.000194587999999829,0.00019706300000010835,0.00018394899999996106,0.0001997079999997986,0.00019394700000008314,0.00019802499999999057,0.00019024100000009092,0.0001980550000000303,0.00019215400000005545,0.00018833699999998288,0.00018716399999996192,0.00019134300000001048,0.0001921350000000377,0.0001908219999999794,0.00018900900000007326,0.00019263599999996828,0.00019404800000000222,0.00019043100000004642}",{},"{1.251691568,1.239913268,1.255006475,1.256869117,1.241013638,1.24206056,1.240562285,1.245616637,1.254792478,1.242572769,1.251493113,1.250649091,1.239398244,1.249345514,1.254834746,1.2513124979999999,1.250061374,1.247765057,1.243710471,1.255600968}",{},"{-1,-1,-1,-1,-1,-1,-1,-1,-1,-1,-1,-1,-1,-1,-1,-1,-1,-1,-1,-1}",{},270,0
-639640730,"{0.0001701009999999989,0.0001581489999999998,0.00015726800000000034,0.00016533300000000015,0.00015442199999999955,0.0001594309999999998,0.00016932100000000005,0.00016005399999999975,0.00018472999999999927,0.00015879100000000014,0.00016557399999999993,0.00016728700000000034,0.00016579400000000036,0.00016810899999999962,0.00015837999999999963,0.0001609750000000007,0.00017057300000000025,0.00015865099999999924,0.00015873099999999876,0.00016137599999999953}",{},"{0.014250399,0.013681458,0.013677072,0.014100935,0.013843598,0.013831534,0.01410619,0.013863076,0.013912485,0.013887072,0.013741751,0.013900556,0.013705249,0.013880593,0.014010292,0.013952394,0.014029572,0.013898606,0.013785201,0.013806183}",{},"{-1,-1,-1,-1,-1,-1,-1,-1,-1,-1,-1,-1,-1,-1,-1,-1,-1,-1,-1,-1}",{},270,0
-1167950182,"{0.869878582,0.920491585,0.955126009,0.797071703,0.829588607,0.928117563,0.855146468,0.851373969,0.8466907530000001,0.855405965,0.985696445,0.9007541699999999,0.84945862,0.888684718,0.858958352,0.874478856,0.89179361,0.94090018,0.967913991,0.9154070740000001}",{},"{0.014308067,0.013987688,0.014397886,0.01415074,0.014295112,0.014329847,0.01457572,0.014828595,0.014158943,0.014030754,0.014056768,0.014084504,0.014163999,0.014410759,0.014117826,0.014539027,0.014259438,0.014461834,0.014167437,0.014319036}",{},"{0.0295470290727341,0.0295470290727341,0.0295470290727341,0.0295470290727341,0.0295470290727341,0.0295470290727341,0.0295470290727341,0.0295470290727341,0.0295470290727341,0.0295470290727341,0.0295470290727341,0.0295470290727341,0.0295470290727341,0.0295470290727341,0.0295470290727341,0.0295470290727341,0.0295470290727341,0.0295470290727341,0.0295470290727341,0.0295470290727341}",{},270,0
-1535781493,"{1.407343416,1.4172424129999999,1.455062782,1.432897345,1.415399854,1.429497701,1.4285742380000002,1.435346867,1.420915456,1.435977063,1.4249483539999999,1.4302399350000001,1.434732549,1.413549672,1.4362079349999999,1.438788078,1.421966496,1.449523096,1.447373525,1.438239773}",{},"{0.016521553,0.016551224,0.016665385,0.016709149,0.01647725,0.016319129,0.016561135,0.016320315,0.016636611,0.016250464,0.016615972,0.01626508,0.016791371,0.016377198,0.016206578,0.016184999,0.016390591,0.016239505,0.016227815,0.016751829}",{},"{0.002649355243300929,0.002649355243300929,0.002649355243300929,0.002649355243300929,0.002649355243300929,0.002649355243300929,0.002649355243300929,0.002649355243300929,0.002649355243300929,0.002649355243300929,0.002649355243300929,0.002649355243300929,0.002649355243300929,0.002649355243300929,0.002649355243300929,0.002649355243300929,0.002649355243300929,0.002649355243300929,0.002649355243300929,0.002649355243300929}",{},271,0
500433298,"{0.0001888059999999997,0.00017834699999999884,0.00017117399999999963,0.00017850799999999736,0.0001908709999999987,0.0001751820000000029,0.00017068300000000133,0.00017851799999999904,0.0001769250000000014,0.00017876900000000223,0.00017259700000000003,0.0001783280000000019,0.00017816799999999938,0.00017165499999999972,0.0001816749999999992,0.0001736690000000013,0.0001810429999999988,0.00017228700000000013,0.00017253700000000038,0.0001776669999999994}",{},"{0.027583587,0.027568595,0.028059938,0.027918311,0.027706489,0.027742252,0.027473668,0.027960722,0.028048569,0.027860351,0.027805345,0.02801494,0.027752087,0.027522517,0.027752347,0.028646306,0.027608542,0.027477556,0.028818522,0.027760288}",{},"{-1,-1,-1,-1,-1,-1,-1,-1,-1,-1,-1,-1,-1,-1,-1,-1,-1,-1,-1,-1}",{},270,0
-910079574,"{0.028246192999999753,0.02867770699999994,0.028983339000000274,0.028781838000000004,0.029060725000000343,0.02917641999999976,0.029038772999999907,0.0292056620000003,0.027588970000000046,0.029044196000000078,0.02896031499999996,0.02944070200000004,0.0293193989999998,0.029131719,0.029014360000000128,0.029305656000000013,0.028718426999999824,0.028726494999999908,0.028762436000000058,0.028842969999999912}",{},"{2.312409267,2.327263473,2.308096692,2.314301048,2.335835375,2.308833378,2.316692102,2.323040677,1.8078997719999998,2.33128526,2.3405374,2.32779251,2.316224549,2.327936565,2.334922309,2.34326501,2.330302801,2.319943159,2.313887275,2.341720194}",{},"{0.01521490738779503,0.01521490738779503,0.01521490738779503,0.01521490738779503,0.01521490738779503,0.01521490738779503,0.01521490738779503,0.01521490738779503,0.01521490738779503,0.01521490738779503,0.01521490738779503,0.01521490738779503,0.01521490738779503,0.01521490738779503,0.01521490738779503,0.01521490738779503,0.01521490738779503,0.01521490738779503,0.01521490738779503,0.01521490738779503}",{},270,0
1103959351,"{0.00014142699999999953,0.00013928399999999994,0.0001376310000000009,0.00013975400000000061,0.00014637699999999962,0.00013948399999999875,0.00013801100000000038,0.00013705900000000014,0.00015454199999999883,0.00014023600000000018,0.00014518499999999906,0.0001343750000000008,0.0001390839999999994,0.0001374410000000003,0.00013778100000000001,0.00013603799999999978,0.00014140799999999912,0.00013301200000000006,0.00014265099999999885,0.00014293200000000013}",{},"{0.014645294,0.01471475,0.014372857,0.014437582,0.01464769,0.01451667,0.014587622,0.014444438,0.014616329,0.014558965,0.015029601,0.014424939,0.014738387,0.014579538,0.014558571,0.014485965,0.01444452,0.014870719,0.014601189,0.014713433}",{},"{-1,-1,-1,-1,-1,-1,-1,-1,-1,-1,-1,-1,-1,-1,-1,-1,-1,-1,-1,-1}",{},270,0
1939226327,"{9.175399999999988e-05,0.0001067720000000002,0.00010718400000000019,9.308699999999994e-05,0.00016551299999999994,0.00011400599999999983,0.00010087099999999977,9.588199999999983e-05,0.00013690000000000013,0.00010337600000000008,9.440899999999973e-05,0.00011452800000000003,0.00010070099999999992,9.64729999999997e-05,0.00011059000000000025,9.324699999999986e-05,9.430899999999989e-05,0.0001082050000000001,0.00010100099999999987,9.692399999999997e-05}",{},"{0.002763439,0.002753861,0.003287483,0.002734234,0.002706642,0.003305548,0.002847319,0.002788417,0.003448499,0.00280564,0.002796984,0.003324003,0.002767699,0.002775683,0.003257608,0.00307921,0.002897455,0.003264131,0.002745116,0.002717714}",{},"{-1,-1,-1,-1,-1,-1,-1,-1,-1,-1,-1,-1,-1,-1,-1,-1,-1,-1,-1,-1}",{},813,0
